sensor_index,name,location_type,latitude,longitude,altitude
263837,영남대학교 기계관 E29동,0,35.825897,128.75385,187
2394,"Yongsan-gu, Seoul",0,37.53217,126.9906,136
5302,SCH Test2,0,36.7698,126.93044,237
5314,dj05_OUT,0,37.0165,126.540245,54
5330,신창면행정복지센터,0,36.80372,126.93623,70
5390,A74D,0,37.524387,126.6656,22
5392,sch_A4,0,35.17116,129.1272,18
5406,sc03_04_out,0,36.14885,126.50159,50
269317,U.S. Village,0,36.91911,127.048,58
10046,mob_outside,0,35.24362,126.830185,191
10060,Air-Safety Cafe 1st_outside,0,35.236828,126.835785,118
15081,WhiteVilla_Out,0,37.489525,126.98633,40
15087,Air-Safety Bunker 1st_outside,0,35.170353,127.26275,379
281396,NASA_AERONET_Hankuk_UFS,0,37.33888,127.26642,373
23369,gcfarm,0,37.419594,126.99919,260
27899,HeungDuk,0,37.279526,127.078835,180
28949,Air Safety House_namyeon_outside,0,35.244656,126.83153,182
29745,sc01_1_out,0,36.08045,126.685875,26
29747,화덕보건진료소,0,36.761234,127.3953,380
29749,br08_out,0,36.432945,126.52432,135
30025,SCH Test5,0,36.769882,126.93041,231
30295,outsidepoit,0,35.212254,126.82519,108
30309,KH_3,0,35.253876,126.835785,146
30555,Air Safety study Cafe_1_outside,0,35.224792,126.834915,117
30607,아가페치과 실외,0,37.5682,126.9977,68
30657,bada1st_outside,0,35.239136,126.83141,156
30687,building,0,35.239456,126.83151,159
31157,Air-Safety Cafe 2nd_outside,0,35.349396,129.32365,44
31177,Air Safety Beverly Hills Outside,0,35.2285,126.8431,104
31457,lineblock_outside,0,35.23918,126.83124,153
34175,Jedi-PurpleAir,0,37.33912,127.081474,348
34355,Daechi,0,37.50079,127.06113,129
37719,Osan AB,0,37.07918,127.03796,206
39461,IntuseerTestSensor,0,35.871975,128.62477,173
308146,NASA_AERONET_Hankuk_UFS,0,37.33888,127.26642,373
46677,SCHKCLout3,0,36.89854,127.523926,247
46885,병천아우네도서관,0,36.766266,127.303085,224
46907,성환읍행정복지센터,0,36.918144,127.13389,106
47397,SCH064,0,35.171303,129.1266,17
47689,입장면행정복지센터,0,36.912388,127.22135,107
47693,위례보건진료소,0,36.868122,127.28161,523
47713,매성보건진료소,0,36.811104,127.31831,330
50171,"Waegwan, South Korea",0,36.00004,128.41884,156
63999,성정2동 행정복지센터,0,36.819176,127.13972,176
64003,신방도서관,0,36.774246,127.13156,101
64005,부석면행정복지센터,0,36.71513,126.393265,84
64061,쌍용2동 행정복지센터,0,36.796368,127.12327,125
64065,쌍용1동 행정복지센터,0,36.817947,127.14145,159
64075,쌍용3동행정복지센터,0,36.80304,127.11892,167
64079,한서대학교,0,37.22305,126.759895,22
64085,청룡동행정복지센터,0,36.785885,127.15704,144
64089,백석동 행정복지센터,0,36.819244,127.114105,144
64093,해미읍성,0,36.71072,126.54839,126
64095,박물관,0,36.78658,127.16408,162
64097,지산공원,0,36.787617,127.09218,91
64101,서산버드랜드,0,36.629326,126.37785,29
64113,도솔공원,0,36.82339,127.16016,168
64121,성정1동 행정복지센터,0,36.817947,127.14145,159
64221,서북구청,0,36.87742,127.154686,129
64727,서산창작예술촌,0,36.874073,126.38704,161
64907,가강보건진료소,0,36.753834,126.37194,62
64911,봉명동행정복지센터,0,36.805763,127.13951,126
64913,불당동행정복지센터,0,36.80641,127.11369,145
64915,신가보건진료소,0,36.95221,127.11506,74
64923,아산시청,0,36.789543,127.00159,87
64925,오지보건진료소,0,36.95449,126.36933,98
64927,일봉동행정복지센터,0,36.801094,127.142105,113
64931,동문근린공원,0,36.779114,126.467186,62
64933,중앙동행정복지센터,0,36.79885,127.151825,108
64935,소중보건진료소,0,36.78591,126.5504,144
64937,성거도서관,0,36.871372,127.20082,191
64955,솔빛공원,0,36.783737,126.45189,125
64961,대황보건진료소,0,36.83572,126.37414,98
64963,동남구청,0,36.80615,127.151825,139
64965,신정호생활체육공원,0,36.772373,126.98128,78
64969,이순신종합운동장,0,36.772892,127.02179,92
64973,쌍용1동행정복지센터,0,36.80388,127.13072,162
64977,문성동행정복지센터,0,36.810833,127.150375,139
64979,부성2동행정복지센터,0,36.83733,127.13815,215
64981,외암민속마을,0,36.730003,127.01393,169
64983,신안동행정복지센터,0,36.817528,127.15885,183
64985,서산회포마을,0,36.931152,126.465485,43
64989,서산시보건소,0,36.774845,126.44546,146
64991,덕전보건진료소,0,36.818253,127.22432,375
64993,원성2동행정복지센터,0,36.801437,127.16062,142
64995,한서대학교,0,36.691322,126.58526,394
64997,두정도서관,0,36.83448,127.13453,232
64999,부성1행정센터,0,36.8424,127.152596,165
65001,성정1동행정복지센터,0,36.8179,127.141335,161
65003,봉생보건진료소,0,36.64969,126.50547,91
65005,차량등록사업소,0,36.783215,127.165215,162
65007,신방동행정복지센터,0,36.78595,127.122215,83
65009,쌍용3동 행정복지센터,0,36.80297,127.11919,167
65011,인주면사무소,0,36.86927,126.88508,36
65013,성연초등학교,0,36.823112,126.44867,145
65015,불당동 행정복지센터,0,36.80594,127.11372,157
65017,오산보건진료소,0,36.746777,126.4817,90
65019,서남초등학교,0,36.7707,126.44419,79
65021,성정1동 행정복지센터,0,36.817947,127.14145,159
65023,부춘초등학교,0,36.778713,126.44605,118
65027,어송3리마을회관,0,36.79554,126.35818,53
93049,dj03_OUT,0,37.01078,126.53527,48
93777,sc05_out,0,36.152863,126.55126,44
93779,ss04_OUT1,0,36.74458,126.44845,75
93847,BR08,0,36.414352,126.54728,133
94241,TA04_OUT,0,36.872375,126.28287,102
94251,TA03,0,36.831715,126.27592,54
94275,aSC01,0,36.157036,126.51062,53
94299,dj05_IN,0,37.01646,126.54019,54
94531,aDJ03,0,37.04825,126.520744,104
94533,TA04_IN,0,36.872658,126.28263,92
94543,TA02_OUT,0,36.906742,126.28675,46
94565,BR02,0,36.341503,126.6071,75
95333,dj02_IN,0,37.012424,126.53397,60
98303,영인면행정복지센터,0,36.856216,126.95427,89
98307,선정면행정복지센터,0,36.79106,126.86128,34
98309,화천1리마을회관,0,36.718002,126.92684,189
98311,목천읍행정복지센터,0,36.7853,127.23484,253
98313,봉재1리마을회관,0,36.882626,127.03744,119
98315,용정보건진료소,0,36.743145,127.102516,113
98317,수신면행정복지센터,0,36.730522,127.28055,195
98321,보산원보건진료소,0,36.68524,127.07638,275
98335,동산2구노인정,0,36.82759,127.07509,163
98339,독징이캠핑장,0,36.832447,126.991196,138
98345,신문리회관,0,36.82535,126.852554,20
98349,봉재1리새마을회관,0,37.4138,127.5183,129
99347,dh01_OUT,0,37.011387,126.5332,64
99375,br03_out_1,0,36.409096,126.531364,87
99433,BR06 OUT,0,36.397583,126.5053,42
99445,ss05_IN,0,36.74508,126.44755,92
99457,aGJ01,0,36.50723,127.13713,70
99459,dj02_OUT,0,37.01243,126.53394,60
99517,Br11,0,36.403023,126.517586,14
99647,BY04,0,36.250046,127.00094,69
99653,aBr01,0,36.423244,126.505745,34
99655,dj01_IN,0,37.0107,126.53293,61
99707,aGJ02,0,36.507225,127.137215,70
99715,TA13,0,36.893147,126.22266,64
99717,aBR03,0,36.400543,126.5128,56
99719,BR04,0,36.397617,126.50522,41
99721,dj04_IN,0,37.013184,126.53809,94
99739,BR09,0,36.408836,126.53104,88
99745,TA01,0,36.891026,126.22409,32
107850,dj08_in2,0,37.013226,126.53808,94
107982,SC0304 OUT,0,36.14882,126.501434,48
108830,br03_out_2,0,36.405605,126.51807,2
108850,dj06IN,0,37.014004,126.53788,89
108860,da04_OUT,0,37.01335,126.53805,93
108904,S_OUT,0,37.543118,127.04487,35
108912,ss06_OUT,0,36.754707,126.45018,90
108914,SS04 OUT11,0,36.74444,126.44848,73
108918,dj08_OUT2,0,37.013046,126.5374,80
108920,by03_04_out,0,36.250072,127.00092,69
108922,SS04_in1,0,36.744335,126.44868,70
108926,br10_out,0,36.341644,126.608215,73
108930,BR09 OUT,0,36.435513,126.51834,39
108932,dj08_IN1,0,37.013145,126.53792,91
108998,br05_out,0,36.402588,126.51981,38
109004,ss05OUT,0,36.74499,126.44741,92
109010,ss04_OUT2,0,36.74458,126.44845,75
109014,TA03_OUT,0,36.746357,126.295364,148
109024,TA03_IN,0,36.746395,126.29536,148
109026,ss04_IN2,0,36.74433,126.44841,73
109028,TA01_IN,0,36.90599,126.2948,35
109126,TA0102OUT,0,36.7457,126.44761,99
109196,dj03_IN,0,37.010757,126.53526,48
109218,ss03_IN,0,36.767864,126.45703,57
109226,dj07_IN,0,37.01556,126.53872,51
109230,Risk Assessment Lab 2,0,36.770058,126.93094,223
109232,TA07_OUT2,0,36.890766,126.224144,33
109236,dj08_out1,0,37.01324,126.53831,86
109238,br01_out,0,36.37432,126.52788,86
109240,TA02_IN,0,36.906693,126.286766,47
109244,ss03_OUT,0,36.768116,126.457085,59
109572,TA0102_IN,0,36.74557,126.447655,98
109810,dj06_OUT,0,37.012894,126.53773,79
109822,SsS_OUT,0,37.506977,127.00754,27
109832,sc06_out,0,36.1577,126.523926,44
109840,TA01_OUT,0,36.90599,126.2948,35
109842,TA07_OUT2,0,36.89049,126.22421,34
109872,br07_out,0,36.436813,126.52022,52
109888,ss06_IN,0,36.75474,126.450165,90
109900,TA07_IN2,0,36.890656,126.22407,35
109906,TA07_IN1,0,36.890854,126.22415,32
109932,DJ07 OUT,0,37.015236,126.5387,56
110226,SS_OUT,0,37.484035,127.03195,87
159685,Seok,0,37.66422,126.78317,93
160631,Pyeongtaek,0,36.958504,127.009445,24
177473,KOSR-31-1,0,35.239197,126.83117,153
177487,KOSR-30-3,0,35.224113,126.84897,87
195817,C-Dong,0,37.569836,126.93856,241
227901,Daechi APT,0,37.50055,127.0609,83
